shape_group,shape,setup,technique,accuracy,failed,checked,baseline_ms,optimized_ms,speedup
appendix test shape,#1 B64 D128 H4 S128 L4,"B=64,S=128,D=128,H=4,FFN=128,L=4,causal=True",00000,PASS,0,1048576,6.4773,6.4031,1.012
appendix test shape,#1 B64 D128 H4 S128 L4,"B=64,S=128,D=128,H=4,FFN=128,L=4,causal=True",00001,PASS,0,1048576,6.3981,6.6156,0.967
appendix test shape,#1 B64 D128 H4 S128 L4,"B=64,S=128,D=128,H=4,FFN=128,L=4,causal=True",00010,PASS,0,1048576,6.7425,7.0175,0.961
appendix test shape,#1 B64 D128 H4 S128 L4,"B=64,S=128,D=128,H=4,FFN=128,L=4,causal=True",00011,PASS,0,1048576,6.7589,7.0124,0.964
appendix test shape,#1 B64 D128 H4 S128 L4,"B=64,S=128,D=128,H=4,FFN=128,L=4,causal=True",00100,PASS,0,1048576,6.5367,5.8348,1.120
appendix test shape,#1 B64 D128 H4 S128 L4,"B=64,S=128,D=128,H=4,FFN=128,L=4,causal=True",00101,PASS,0,1048576,6.3355,5.8143,1.090
appendix test shape,#1 B64 D128 H4 S128 L4,"B=64,S=128,D=128,H=4,FFN=128,L=4,causal=True",00110,PASS,0,1048576,6.2612,5.6878,1.101
appendix test shape,#1 B64 D128 H4 S128 L4,"B=64,S=128,D=128,H=4,FFN=128,L=4,causal=True",00111,PASS,0,1048576,6.2664,5.6581,1.108
appendix test shape,#1 B64 D128 H4 S128 L4,"B=64,S=128,D=128,H=4,FFN=128,L=4,causal=True",01000,PASS,0,1048576,6.1906,6.3560,0.974
appendix test shape,#1 B64 D128 H4 S128 L4,"B=64,S=128,D=128,H=4,FFN=128,L=4,causal=True",01001,PASS,0,1048576,6.3780,6.5500,0.974
appendix test shape,#1 B64 D128 H4 S128 L4,"B=64,S=128,D=128,H=4,FFN=128,L=4,causal=True",01010,PASS,0,1048576,6.3841,6.6253,0.964
appendix test shape,#1 B64 D128 H4 S128 L4,"B=64,S=128,D=128,H=4,FFN=128,L=4,causal=True",01011,PASS,0,1048576,6.4722,6.7103,0.965
appendix test shape,#1 B64 D128 H4 S128 L4,"B=64,S=128,D=128,H=4,FFN=128,L=4,causal=True",01100,PASS,0,1048576,6.6386,5.9341,1.119
appendix test shape,#1 B64 D128 H4 S128 L4,"B=64,S=128,D=128,H=4,FFN=128,L=4,causal=True",01101,PASS,0,1048576,6.6662,6.0477,1.102
appendix test shape,#1 B64 D128 H4 S128 L4,"B=64,S=128,D=128,H=4,FFN=128,L=4,causal=True",01110,PASS,0,1048576,6.6550,6.1466,1.083
appendix test shape,#1 B64 D128 H4 S128 L4,"B=64,S=128,D=128,H=4,FFN=128,L=4,causal=True",01111,PASS,0,1048576,6.6545,6.1322,1.085
appendix test shape,#1 B64 D128 H4 S128 L4,"B=64,S=128,D=128,H=4,FFN=128,L=4,causal=True",10000,PASS,0,1048576,6.5859,6.7773,0.972
appendix test shape,#1 B64 D128 H4 S128 L4,"B=64,S=128,D=128,H=4,FFN=128,L=4,causal=True",10001,PASS,0,1048576,6.5884,6.7804,0.972
appendix test shape,#1 B64 D128 H4 S128 L4,"B=64,S=128,D=128,H=4,FFN=128,L=4,causal=True",10010,PASS,0,1048576,6.2418,6.5300,0.956
appendix test shape,#1 B64 D128 H4 S128 L4,"B=64,S=128,D=128,H=4,FFN=128,L=4,causal=True",10011,PASS,0,1048576,6.2269,6.4650,0.963
appendix test shape,#1 B64 D128 H4 S128 L4,"B=64,S=128,D=128,H=4,FFN=128,L=4,causal=True",10100,PASS,0,1048576,6.3882,5.6827,1.124
appendix test shape,#1 B64 D128 H4 S128 L4,"B=64,S=128,D=128,H=4,FFN=128,L=4,causal=True",10101,PASS,0,1048576,6.3247,5.6233,1.125
appendix test shape,#1 B64 D128 H4 S128 L4,"B=64,S=128,D=128,H=4,FFN=128,L=4,causal=True",10110,PASS,0,1048576,6.3037,5.6694,1.112
appendix test shape,#1 B64 D128 H4 S128 L4,"B=64,S=128,D=128,H=4,FFN=128,L=4,causal=True",10111,PASS,0,1048576,6.2730,5.6479,1.111
appendix test shape,#1 B64 D128 H4 S128 L4,"B=64,S=128,D=128,H=4,FFN=128,L=4,causal=True",11000,PASS,0,1048576,6.1829,6.3544,0.973
appendix test shape,#1 B64 D128 H4 S128 L4,"B=64,S=128,D=128,H=4,FFN=128,L=4,causal=True",11001,PASS,0,1048576,6.1850,6.3508,0.974
appendix test shape,#1 B64 D128 H4 S128 L4,"B=64,S=128,D=128,H=4,FFN=128,L=4,causal=True",11010,PASS,0,1048576,6.1839,6.4312,0.962
appendix test shape,#1 B64 D128 H4 S128 L4,"B=64,S=128,D=128,H=4,FFN=128,L=4,causal=True",11011,PASS,0,1048576,6.2925,6.5275,0.964
appendix test shape,#1 B64 D128 H4 S128 L4,"B=64,S=128,D=128,H=4,FFN=128,L=4,causal=True",11100,PASS,0,1048576,6.4333,5.7206,1.125
appendix test shape,#1 B64 D128 H4 S128 L4,"B=64,S=128,D=128,H=4,FFN=128,L=4,causal=True",11101,PASS,0,1048576,6.3882,5.7190,1.117
appendix test shape,#1 B64 D128 H4 S128 L4,"B=64,S=128,D=128,H=4,FFN=128,L=4,causal=True",11110,PASS,0,1048576,6.4196,5.7632,1.114
appendix test shape,#1 B64 D128 H4 S128 L4,"B=64,S=128,D=128,H=4,FFN=128,L=4,causal=True",11111,PASS,0,1048576,6.4368,5.7764,1.114
appendix test shape,#2 B1 D128 H4 S128 L4,"B=1,S=128,D=128,H=4,FFN=128,L=4,causal=True",00000,PASS,0,16384,0.9416,0.9534,0.988
appendix test shape,#2 B1 D128 H4 S128 L4,"B=1,S=128,D=128,H=4,FFN=128,L=4,causal=True",00001,PASS,0,16384,0.9350,1.0060,0.929
appendix test shape,#2 B1 D128 H4 S128 L4,"B=1,S=128,D=128,H=4,FFN=128,L=4,causal=True",00010,PASS,0,16384,0.9452,1.0327,0.915
appendix test shape,#2 B1 D128 H4 S128 L4,"B=1,S=128,D=128,H=4,FFN=128,L=4,causal=True",00011,PASS,0,16384,0.9298,1.0317,0.901
appendix test shape,#2 B1 D128 H4 S128 L4,"B=1,S=128,D=128,H=4,FFN=128,L=4,causal=True",00100,PASS,0,16384,0.9302,1.8867,0.493
appendix test shape,#2 B1 D128 H4 S128 L4,"B=1,S=128,D=128,H=4,FFN=128,L=4,causal=True",00101,PASS,0,16384,0.9575,1.0296,0.930
appendix test shape,#2 B1 D128 H4 S128 L4,"B=1,S=128,D=128,H=4,FFN=128,L=4,causal=True",00110,PASS,0,16384,0.9544,1.9748,0.483
appendix test shape,#2 B1 D128 H4 S128 L4,"B=1,S=128,D=128,H=4,FFN=128,L=4,causal=True",00111,PASS,0,16384,0.9416,1.0413,0.904
appendix test shape,#2 B1 D128 H4 S128 L4,"B=1,S=128,D=128,H=4,FFN=128,L=4,causal=True",01000,PASS,0,16384,0.9441,1.0086,0.936
appendix test shape,#2 B1 D128 H4 S128 L4,"B=1,S=128,D=128,H=4,FFN=128,L=4,causal=True",01001,PASS,0,16384,0.9431,1.0302,0.915
appendix test shape,#2 B1 D128 H4 S128 L4,"B=1,S=128,D=128,H=4,FFN=128,L=4,causal=True",01010,PASS,0,16384,0.9518,1.0578,0.900
appendix test shape,#2 B1 D128 H4 S128 L4,"B=1,S=128,D=128,H=4,FFN=128,L=4,causal=True",01011,PASS,0,16384,1.0061,1.1248,0.894
appendix test shape,#2 B1 D128 H4 S128 L4,"B=1,S=128,D=128,H=4,FFN=128,L=4,causal=True",01100,PASS,0,16384,0.9395,1.9395,0.484
appendix test shape,#2 B1 D128 H4 S128 L4,"B=1,S=128,D=128,H=4,FFN=128,L=4,causal=True",01101,PASS,0,16384,0.9524,1.0256,0.929
appendix test shape,#2 B1 D128 H4 S128 L4,"B=1,S=128,D=128,H=4,FFN=128,L=4,causal=True",01110,PASS,0,16384,0.9605,2.0019,0.480
appendix test shape,#2 B1 D128 H4 S128 L4,"B=1,S=128,D=128,H=4,FFN=128,L=4,causal=True",01111,PASS,0,16384,0.9501,1.0440,0.910
appendix test shape,#2 B1 D128 H4 S128 L4,"B=1,S=128,D=128,H=4,FFN=128,L=4,causal=True",10000,PASS,0,16384,0.9441,1.0241,0.922
appendix test shape,#2 B1 D128 H4 S128 L4,"B=1,S=128,D=128,H=4,FFN=128,L=4,causal=True",10001,PASS,0,16384,0.9431,1.0153,0.929
appendix test shape,#2 B1 D128 H4 S128 L4,"B=1,S=128,D=128,H=4,FFN=128,L=4,causal=True",10010,PASS,0,16384,0.9303,1.0322,0.901
appendix test shape,#2 B1 D128 H4 S128 L4,"B=1,S=128,D=128,H=4,FFN=128,L=4,causal=True",10011,PASS,0,16384,0.9303,1.0270,0.906
appendix test shape,#2 B1 D128 H4 S128 L4,"B=1,S=128,D=128,H=4,FFN=128,L=4,causal=True",10100,PASS,0,16384,0.9575,1.9200,0.499
appendix test shape,#2 B1 D128 H4 S128 L4,"B=1,S=128,D=128,H=4,FFN=128,L=4,causal=True",10101,PASS,0,16384,0.9528,1.0127,0.941
appendix test shape,#2 B1 D128 H4 S128 L4,"B=1,S=128,D=128,H=4,FFN=128,L=4,causal=True",10110,PASS,0,16384,0.9513,1.9773,0.481
appendix test shape,#2 B1 D128 H4 S128 L4,"B=1,S=128,D=128,H=4,FFN=128,L=4,causal=True",10111,PASS,0,16384,0.9380,1.0450,0.898
appendix test shape,#2 B1 D128 H4 S128 L4,"B=1,S=128,D=128,H=4,FFN=128,L=4,causal=True",11000,PASS,0,16384,0.9354,1.0235,0.914
appendix test shape,#2 B1 D128 H4 S128 L4,"B=1,S=128,D=128,H=4,FFN=128,L=4,causal=True",11001,PASS,0,16384,0.9533,1.0173,0.937
appendix test shape,#2 B1 D128 H4 S128 L4,"B=1,S=128,D=128,H=4,FFN=128,L=4,causal=True",11010,PASS,0,16384,0.9443,1.0439,0.905
appendix test shape,#2 B1 D128 H4 S128 L4,"B=1,S=128,D=128,H=4,FFN=128,L=4,causal=True",11011,PASS,0,16384,0.9359,1.0270,0.911
appendix test shape,#2 B1 D128 H4 S128 L4,"B=1,S=128,D=128,H=4,FFN=128,L=4,causal=True",11100,PASS,0,16384,0.9492,1.8534,0.512
appendix test shape,#2 B1 D128 H4 S128 L4,"B=1,S=128,D=128,H=4,FFN=128,L=4,causal=True",11101,PASS,0,16384,1.0583,1.1479,0.922
appendix test shape,#2 B1 D128 H4 S128 L4,"B=1,S=128,D=128,H=4,FFN=128,L=4,causal=True",11110,PASS,0,16384,1.0117,2.0316,0.498
appendix test shape,#2 B1 D128 H4 S128 L4,"B=1,S=128,D=128,H=4,FFN=128,L=4,causal=True",11111,PASS,0,16384,0.9718,1.0501,0.925
appendix test shape,#3 B4 D128 H4 S128 L4,"B=4,S=128,D=128,H=4,FFN=128,L=4,causal=True",00000,PASS,0,65536,0.8652,0.8663,0.999
appendix test shape,#3 B4 D128 H4 S128 L4,"B=4,S=128,D=128,H=4,FFN=128,L=4,causal=True",00001,PASS,0,65536,0.8893,0.9544,0.932
appendix test shape,#3 B4 D128 H4 S128 L4,"B=4,S=128,D=128,H=4,FFN=128,L=4,causal=True",00010,PASS,0,65536,0.8761,0.9631,0.910
appendix test shape,#3 B4 D128 H4 S128 L4,"B=4,S=128,D=128,H=4,FFN=128,L=4,causal=True",00011,PASS,0,65536,0.9056,0.9948,0.910
appendix test shape,#3 B4 D128 H4 S128 L4,"B=4,S=128,D=128,H=4,FFN=128,L=4,causal=True",00100,PASS,0,65536,0.8883,1.7798,0.499
appendix test shape,#3 B4 D128 H4 S128 L4,"B=4,S=128,D=128,H=4,FFN=128,L=4,causal=True",00101,PASS,0,65536,0.8705,0.9498,0.917
appendix test shape,#3 B4 D128 H4 S128 L4,"B=4,S=128,D=128,H=4,FFN=128,L=4,causal=True",00110,PASS,0,65536,0.9574,1.9823,0.483
appendix test shape,#3 B4 D128 H4 S128 L4,"B=4,S=128,D=128,H=4,FFN=128,L=4,causal=True",00111,PASS,0,65536,0.9533,1.0471,0.910
appendix test shape,#3 B4 D128 H4 S128 L4,"B=4,S=128,D=128,H=4,FFN=128,L=4,causal=True",01000,PASS,0,65536,0.9364,1.0198,0.918
appendix test shape,#3 B4 D128 H4 S128 L4,"B=4,S=128,D=128,H=4,FFN=128,L=4,causal=True",01001,PASS,0,65536,0.9400,1.0127,0.928
appendix test shape,#3 B4 D128 H4 S128 L4,"B=4,S=128,D=128,H=4,FFN=128,L=4,causal=True",01010,PASS,0,65536,0.9406,1.0470,0.898
appendix test shape,#3 B4 D128 H4 S128 L4,"B=4,S=128,D=128,H=4,FFN=128,L=4,causal=True",01011,PASS,0,65536,0.9344,1.0321,0.905
appendix test shape,#3 B4 D128 H4 S128 L4,"B=4,S=128,D=128,H=4,FFN=128,L=4,causal=True",01100,PASS,0,65536,0.9445,1.8734,0.504
appendix test shape,#3 B4 D128 H4 S128 L4,"B=4,S=128,D=128,H=4,FFN=128,L=4,causal=True",01101,PASS,0,65536,0.9354,1.0266,0.911
appendix test shape,#3 B4 D128 H4 S128 L4,"B=4,S=128,D=128,H=4,FFN=128,L=4,causal=True",01110,PASS,0,65536,0.9293,1.9354,0.480
appendix test shape,#3 B4 D128 H4 S128 L4,"B=4,S=128,D=128,H=4,FFN=128,L=4,causal=True",01111,PASS,0,65536,0.9406,1.0542,0.892
appendix test shape,#3 B4 D128 H4 S128 L4,"B=4,S=128,D=128,H=4,FFN=128,L=4,causal=True",10000,PASS,0,65536,0.9395,1.0147,0.926
appendix test shape,#3 B4 D128 H4 S128 L4,"B=4,S=128,D=128,H=4,FFN=128,L=4,causal=True",10001,PASS,0,65536,0.9313,1.0132,0.919
appendix test shape,#3 B4 D128 H4 S128 L4,"B=4,S=128,D=128,H=4,FFN=128,L=4,causal=True",10010,PASS,0,65536,0.9333,1.0399,0.897
appendix test shape,#3 B4 D128 H4 S128 L4,"B=4,S=128,D=128,H=4,FFN=128,L=4,causal=True",10011,PASS,0,65536,0.9315,1.0609,0.878
appendix test shape,#3 B4 D128 H4 S128 L4,"B=4,S=128,D=128,H=4,FFN=128,L=4,causal=True",10100,PASS,0,65536,0.9175,1.8355,0.500
appendix test shape,#3 B4 D128 H4 S128 L4,"B=4,S=128,D=128,H=4,FFN=128,L=4,causal=True",10101,PASS,0,65536,0.9062,0.9984,0.908
appendix test shape,#3 B4 D128 H4 S128 L4,"B=4,S=128,D=128,H=4,FFN=128,L=4,causal=True",10110,PASS,0,65536,0.9037,1.8779,0.481
appendix test shape,#3 B4 D128 H4 S128 L4,"B=4,S=128,D=128,H=4,FFN=128,L=4,causal=True",10111,PASS,0,65536,0.8930,0.9907,0.901
appendix test shape,#3 B4 D128 H4 S128 L4,"B=4,S=128,D=128,H=4,FFN=128,L=4,causal=True",11000,PASS,0,65536,0.9067,0.9829,0.922
appendix test shape,#3 B4 D128 H4 S128 L4,"B=4,S=128,D=128,H=4,FFN=128,L=4,causal=True",11001,PASS,0,65536,0.9092,0.9615,0.946
appendix test shape,#3 B4 D128 H4 S128 L4,"B=4,S=128,D=128,H=4,FFN=128,L=4,causal=True",11010,PASS,0,65536,0.9180,1.0213,0.899
appendix test shape,#3 B4 D128 H4 S128 L4,"B=4,S=128,D=128,H=4,FFN=128,L=4,causal=True",11011,PASS,0,65536,0.9390,1.0572,0.888
appendix test shape,#3 B4 D128 H4 S128 L4,"B=4,S=128,D=128,H=4,FFN=128,L=4,causal=True",11100,PASS,0,65536,0.9390,1.9057,0.493
appendix test shape,#3 B4 D128 H4 S128 L4,"B=4,S=128,D=128,H=4,FFN=128,L=4,causal=True",11101,PASS,0,65536,0.9324,1.0234,0.911
appendix test shape,#3 B4 D128 H4 S128 L4,"B=4,S=128,D=128,H=4,FFN=128,L=4,causal=True",11110,PASS,0,65536,0.9349,1.9477,0.480
appendix test shape,#3 B4 D128 H4 S128 L4,"B=4,S=128,D=128,H=4,FFN=128,L=4,causal=True",11111,PASS,0,65536,0.9308,1.0404,0.895
appendix test shape,#4 B16 D128 H4 S128 L4,"B=16,S=128,D=128,H=4,FFN=128,L=4,causal=True",00000,PASS,0,262144,1.6271,1.6271,1.000
appendix test shape,#4 B16 D128 H4 S128 L4,"B=16,S=128,D=128,H=4,FFN=128,L=4,causal=True",00001,PASS,0,262144,1.5053,1.5462,0.974
appendix test shape,#4 B16 D128 H4 S128 L4,"B=16,S=128,D=128,H=4,FFN=128,L=4,causal=True",00010,PASS,0,262144,1.5186,1.5811,0.960
appendix test shape,#4 B16 D128 H4 S128 L4,"B=16,S=128,D=128,H=4,FFN=128,L=4,causal=True",00011,PASS,0,262144,1.5279,1.5877,0.962
appendix test shape,#4 B16 D128 H4 S128 L4,"B=16,S=128,D=128,H=4,FFN=128,L=4,causal=True",00100,PASS,0,262144,1.4095,1.9040,0.740
appendix test shape,#4 B16 D128 H4 S128 L4,"B=16,S=128,D=128,H=4,FFN=128,L=4,causal=True",00101,PASS,0,262144,1.4157,1.8852,0.751
appendix test shape,#4 B16 D128 H4 S128 L4,"B=16,S=128,D=128,H=4,FFN=128,L=4,causal=True",00110,PASS,0,262144,1.4076,1.9144,0.735
appendix test shape,#4 B16 D128 H4 S128 L4,"B=16,S=128,D=128,H=4,FFN=128,L=4,causal=True",00111,PASS,0,262144,1.4260,1.9450,0.733
appendix test shape,#4 B16 D128 H4 S128 L4,"B=16,S=128,D=128,H=4,FFN=128,L=4,causal=True",01000,PASS,0,262144,1.5253,1.5514,0.983
appendix test shape,#4 B16 D128 H4 S128 L4,"B=16,S=128,D=128,H=4,FFN=128,L=4,causal=True",01001,PASS,0,262144,1.5299,1.5718,0.973
appendix test shape,#4 B16 D128 H4 S128 L4,"B=16,S=128,D=128,H=4,FFN=128,L=4,causal=True",01010,PASS,0,262144,1.5258,1.5862,0.962
appendix test shape,#4 B16 D128 H4 S128 L4,"B=16,S=128,D=128,H=4,FFN=128,L=4,causal=True",01011,PASS,0,262144,1.5136,1.5724,0.963
appendix test shape,#4 B16 D128 H4 S128 L4,"B=16,S=128,D=128,H=4,FFN=128,L=4,causal=True",01100,PASS,0,262144,1.4367,1.9068,0.753
appendix test shape,#4 B16 D128 H4 S128 L4,"B=16,S=128,D=128,H=4,FFN=128,L=4,causal=True",01101,PASS,0,262144,1.4373,1.8755,0.766
appendix test shape,#4 B16 D128 H4 S128 L4,"B=16,S=128,D=128,H=4,FFN=128,L=4,causal=True",01110,PASS,0,262144,1.4152,1.9353,0.731
appendix test shape,#4 B16 D128 H4 S128 L4,"B=16,S=128,D=128,H=4,FFN=128,L=4,causal=True",01111,PASS,0,262144,1.3958,1.9502,0.716
appendix test shape,#4 B16 D128 H4 S128 L4,"B=16,S=128,D=128,H=4,FFN=128,L=4,causal=True",10000,PASS,0,262144,1.5268,1.5657,0.975
appendix test shape,#4 B16 D128 H4 S128 L4,"B=16,S=128,D=128,H=4,FFN=128,L=4,causal=True",10001,PASS,0,262144,1.5299,1.5601,0.981
appendix test shape,#4 B16 D128 H4 S128 L4,"B=16,S=128,D=128,H=4,FFN=128,L=4,causal=True",10010,PASS,0,262144,1.5264,1.5805,0.966
appendix test shape,#4 B16 D128 H4 S128 L4,"B=16,S=128,D=128,H=4,FFN=128,L=4,causal=True",10011,PASS,0,262144,1.5299,1.5923,0.961
appendix test shape,#4 B16 D128 H4 S128 L4,"B=16,S=128,D=128,H=4,FFN=128,L=4,causal=True",10100,PASS,0,262144,1.4270,1.9441,0.734
appendix test shape,#4 B16 D128 H4 S128 L4,"B=16,S=128,D=128,H=4,FFN=128,L=4,causal=True",10101,PASS,0,262144,1.4116,1.9175,0.736
appendix test shape,#4 B16 D128 H4 S128 L4,"B=16,S=128,D=128,H=4,FFN=128,L=4,causal=True",10110,PASS,0,262144,1.3886,1.9671,0.706
appendix test shape,#4 B16 D128 H4 S128 L4,"B=16,S=128,D=128,H=4,FFN=128,L=4,causal=True",10111,PASS,0,262144,1.4418,1.9871,0.726
appendix test shape,#4 B16 D128 H4 S128 L4,"B=16,S=128,D=128,H=4,FFN=128,L=4,causal=True",11000,PASS,0,262144,1.5301,1.5718,0.973
appendix test shape,#4 B16 D128 H4 S128 L4,"B=16,S=128,D=128,H=4,FFN=128,L=4,causal=True",11001,PASS,0,262144,1.5299,1.5719,0.973
appendix test shape,#4 B16 D128 H4 S128 L4,"B=16,S=128,D=128,H=4,FFN=128,L=4,causal=True",11010,PASS,0,262144,1.5258,1.5882,0.961
appendix test shape,#4 B16 D128 H4 S128 L4,"B=16,S=128,D=128,H=4,FFN=128,L=4,causal=True",11011,PASS,0,262144,1.5196,1.5811,0.961
appendix test shape,#4 B16 D128 H4 S128 L4,"B=16,S=128,D=128,H=4,FFN=128,L=4,causal=True",11100,PASS,0,262144,1.4152,2.2160,0.639
appendix test shape,#4 B16 D128 H4 S128 L4,"B=16,S=128,D=128,H=4,FFN=128,L=4,causal=True",11101,PASS,0,262144,1.4044,2.2084,0.636
appendix test shape,#4 B16 D128 H4 S128 L4,"B=16,S=128,D=128,H=4,FFN=128,L=4,causal=True",11110,PASS,0,262144,1.4152,2.3347,0.606
appendix test shape,#4 B16 D128 H4 S128 L4,"B=16,S=128,D=128,H=4,FFN=128,L=4,causal=True",11111,PASS,0,262144,1.3993,2.4852,0.563
appendix test shape,#5 B128 D128 H4 S128 L4,"B=128,S=128,D=128,H=4,FFN=128,L=4,causal=True",00000,PASS,0,2097152,16.2468,16.3917,0.991
appendix test shape,#5 B128 D128 H4 S128 L4,"B=128,S=128,D=128,H=4,FFN=128,L=4,causal=True",00001,PASS,0,2097152,16.3656,16.7301,0.978
appendix test shape,#5 B128 D128 H4 S128 L4,"B=128,S=128,D=128,H=4,FFN=128,L=4,causal=True",00010,PASS,0,2097152,16.3584,16.8197,0.973
appendix test shape,#5 B128 D128 H4 S128 L4,"B=128,S=128,D=128,H=4,FFN=128,L=4,causal=True",00011,PASS,0,2097152,16.6665,17.1162,0.974
appendix test shape,#5 B128 D128 H4 S128 L4,"B=128,S=128,D=128,H=4,FFN=128,L=4,causal=True",00100,PASS,0,2097152,16.7035,15.7870,1.058
appendix test shape,#5 B128 D128 H4 S128 L4,"B=128,S=128,D=128,H=4,FFN=128,L=4,causal=True",00101,PASS,0,2097152,16.5965,15.6488,1.061
appendix test shape,#5 B128 D128 H4 S128 L4,"B=128,S=128,D=128,H=4,FFN=128,L=4,causal=True",00110,PASS,0,2097152,16.5955,15.7403,1.054
appendix test shape,#5 B128 D128 H4 S128 L4,"B=128,S=128,D=128,H=4,FFN=128,L=4,causal=True",00111,PASS,0,2097152,16.7188,15.8423,1.055
appendix test shape,#5 B128 D128 H4 S128 L4,"B=128,S=128,D=128,H=4,FFN=128,L=4,causal=True",01000,PASS,0,2097152,16.7491,17.0957,0.980
appendix test shape,#5 B128 D128 H4 S128 L4,"B=128,S=128,D=128,H=4,FFN=128,L=4,causal=True",01001,PASS,0,2097152,16.5160,16.8586,0.980
appendix test shape,#5 B128 D128 H4 S128 L4,"B=128,S=128,D=128,H=4,FFN=128,L=4,causal=True",01010,PASS,0,2097152,16.4827,16.9313,0.974
appendix test shape,#5 B128 D128 H4 S128 L4,"B=128,S=128,D=128,H=4,FFN=128,L=4,causal=True",01011,PASS,0,2097152,16.5130,16.9349,0.975
appendix test shape,#5 B128 D128 H4 S128 L4,"B=128,S=128,D=128,H=4,FFN=128,L=4,causal=True",01100,PASS,0,2097152,16.5023,15.6140,1.057
appendix test shape,#5 B128 D128 H4 S128 L4,"B=128,S=128,D=128,H=4,FFN=128,L=4,causal=True",01101,PASS,0,2097152,16.5043,15.5914,1.059
appendix test shape,#5 B128 D128 H4 S128 L4,"B=128,S=128,D=128,H=4,FFN=128,L=4,causal=True",01110,PASS,0,2097152,16.5596,15.7036,1.055
appendix test shape,#5 B128 D128 H4 S128 L4,"B=128,S=128,D=128,H=4,FFN=128,L=4,causal=True",01111,PASS,0,2097152,16.5495,15.7148,1.053
appendix test shape,#5 B128 D128 H4 S128 L4,"B=128,S=128,D=128,H=4,FFN=128,L=4,causal=True",10000,PASS,0,2097152,16.5449,16.9124,0.978
appendix test shape,#5 B128 D128 H4 S128 L4,"B=128,S=128,D=128,H=4,FFN=128,L=4,causal=True",10001,PASS,0,2097152,16.5729,16.9216,0.979
appendix test shape,#5 B128 D128 H4 S128 L4,"B=128,S=128,D=128,H=4,FFN=128,L=4,causal=True",10010,PASS,0,2097152,16.5663,17.0245,0.973
appendix test shape,#5 B128 D128 H4 S128 L4,"B=128,S=128,D=128,H=4,FFN=128,L=4,causal=True",10011,PASS,0,2097152,16.6001,17.0179,0.975
appendix test shape,#5 B128 D128 H4 S128 L4,"B=128,S=128,D=128,H=4,FFN=128,L=4,causal=True",10100,PASS,0,2097152,16.5663,15.6472,1.059
appendix test shape,#5 B128 D128 H4 S128 L4,"B=128,S=128,D=128,H=4,FFN=128,L=4,causal=True",10101,PASS,0,2097152,16.5898,15.6611,1.059
appendix test shape,#5 B128 D128 H4 S128 L4,"B=128,S=128,D=128,H=4,FFN=128,L=4,causal=True",10110,PASS,0,2097152,16.5818,15.7347,1.054
appendix test shape,#5 B128 D128 H4 S128 L4,"B=128,S=128,D=128,H=4,FFN=128,L=4,causal=True",10111,PASS,0,2097152,16.5873,15.7454,1.053
appendix test shape,#5 B128 D128 H4 S128 L4,"B=128,S=128,D=128,H=4,FFN=128,L=4,causal=True",11000,PASS,0,2097152,16.5986,16.9928,0.977
appendix test shape,#5 B128 D128 H4 S128 L4,"B=128,S=128,D=128,H=4,FFN=128,L=4,causal=True",11001,PASS,0,2097152,16.5847,16.9361,0.979
appendix test shape,#5 B128 D128 H4 S128 L4,"B=128,S=128,D=128,H=4,FFN=128,L=4,causal=True",11010,PASS,0,2097152,16.6093,17.0399,0.975
appendix test shape,#5 B128 D128 H4 S128 L4,"B=128,S=128,D=128,H=4,FFN=128,L=4,causal=True",11011,PASS,0,2097152,16.6124,17.0629,0.974
appendix test shape,#5 B128 D128 H4 S128 L4,"B=128,S=128,D=128,H=4,FFN=128,L=4,causal=True",11100,PASS,0,2097152,16.6498,15.7092,1.060
appendix test shape,#5 B128 D128 H4 S128 L4,"B=128,S=128,D=128,H=4,FFN=128,L=4,causal=True",11101,PASS,0,2097152,16.5602,15.6918,1.055
appendix test shape,#5 B128 D128 H4 S128 L4,"B=128,S=128,D=128,H=4,FFN=128,L=4,causal=True",11110,PASS,0,2097152,16.5920,15.7482,1.054
appendix test shape,#5 B128 D128 H4 S128 L4,"B=128,S=128,D=128,H=4,FFN=128,L=4,causal=True",11111,PASS,0,2097152,16.5965,15.7711,1.052
appendix test shape,#6 B10000 D128 H4 S128 L4,"B=10000,S=128,D=128,H=4,FFN=128,L=4,causal=True",00000,SKIP (estimated explicit-attention workspace 7.32 GiB exceeds 70% of 7.45 GiB free GPU memory),0,0,nan,nan,nan
appendix test shape,#6 B10000 D128 H4 S128 L4,"B=10000,S=128,D=128,H=4,FFN=128,L=4,causal=True",00001,SKIP (estimated explicit-attention workspace 7.32 GiB exceeds 70% of 7.45 GiB free GPU memory),0,0,nan,nan,nan
appendix test shape,#6 B10000 D128 H4 S128 L4,"B=10000,S=128,D=128,H=4,FFN=128,L=4,causal=True",00010,SKIP (estimated explicit-attention workspace 7.32 GiB exceeds 70% of 7.45 GiB free GPU memory),0,0,nan,nan,nan
appendix test shape,#6 B10000 D128 H4 S128 L4,"B=10000,S=128,D=128,H=4,FFN=128,L=4,causal=True",00011,SKIP (estimated explicit-attention workspace 7.32 GiB exceeds 70% of 7.45 GiB free GPU memory),0,0,nan,nan,nan
appendix test shape,#6 B10000 D128 H4 S128 L4,"B=10000,S=128,D=128,H=4,FFN=128,L=4,causal=True",00100,SKIP (estimated explicit-attention workspace 7.32 GiB exceeds 70% of 7.45 GiB free GPU memory),0,0,nan,nan,nan
appendix test shape,#6 B10000 D128 H4 S128 L4,"B=10000,S=128,D=128,H=4,FFN=128,L=4,causal=True",00101,SKIP (estimated explicit-attention workspace 7.32 GiB exceeds 70% of 7.45 GiB free GPU memory),0,0,nan,nan,nan
appendix test shape,#6 B10000 D128 H4 S128 L4,"B=10000,S=128,D=128,H=4,FFN=128,L=4,causal=True",00110,SKIP (estimated explicit-attention workspace 7.32 GiB exceeds 70% of 7.45 GiB free GPU memory),0,0,nan,nan,nan
appendix test shape,#6 B10000 D128 H4 S128 L4,"B=10000,S=128,D=128,H=4,FFN=128,L=4,causal=True",00111,SKIP (estimated explicit-attention workspace 7.32 GiB exceeds 70% of 7.45 GiB free GPU memory),0,0,nan,nan,nan
appendix test shape,#6 B10000 D128 H4 S128 L4,"B=10000,S=128,D=128,H=4,FFN=128,L=4,causal=True",01000,SKIP (estimated explicit-attention workspace 7.32 GiB exceeds 70% of 7.45 GiB free GPU memory),0,0,nan,nan,nan
appendix test shape,#6 B10000 D128 H4 S128 L4,"B=10000,S=128,D=128,H=4,FFN=128,L=4,causal=True",01001,SKIP (estimated explicit-attention workspace 7.32 GiB exceeds 70% of 7.45 GiB free GPU memory),0,0,nan,nan,nan
appendix test shape,#6 B10000 D128 H4 S128 L4,"B=10000,S=128,D=128,H=4,FFN=128,L=4,causal=True",01010,SKIP (estimated explicit-attention workspace 7.32 GiB exceeds 70% of 7.45 GiB free GPU memory),0,0,nan,nan,nan
appendix test shape,#6 B10000 D128 H4 S128 L4,"B=10000,S=128,D=128,H=4,FFN=128,L=4,causal=True",01011,SKIP (estimated explicit-attention workspace 7.32 GiB exceeds 70% of 7.45 GiB free GPU memory),0,0,nan,nan,nan
appendix test shape,#6 B10000 D128 H4 S128 L4,"B=10000,S=128,D=128,H=4,FFN=128,L=4,causal=True",01100,SKIP (estimated explicit-attention workspace 7.32 GiB exceeds 70% of 7.45 GiB free GPU memory),0,0,nan,nan,nan
appendix test shape,#6 B10000 D128 H4 S128 L4,"B=10000,S=128,D=128,H=4,FFN=128,L=4,causal=True",01101,SKIP (estimated explicit-attention workspace 7.32 GiB exceeds 70% of 7.45 GiB free GPU memory),0,0,nan,nan,nan
appendix test shape,#6 B10000 D128 H4 S128 L4,"B=10000,S=128,D=128,H=4,FFN=128,L=4,causal=True",01110,SKIP (estimated explicit-attention workspace 7.32 GiB exceeds 70% of 7.45 GiB free GPU memory),0,0,nan,nan,nan
appendix test shape,#6 B10000 D128 H4 S128 L4,"B=10000,S=128,D=128,H=4,FFN=128,L=4,causal=True",01111,SKIP (estimated explicit-attention workspace 7.32 GiB exceeds 70% of 7.45 GiB free GPU memory),0,0,nan,nan,nan
appendix test shape,#6 B10000 D128 H4 S128 L4,"B=10000,S=128,D=128,H=4,FFN=128,L=4,causal=True",10000,SKIP (estimated explicit-attention workspace 7.32 GiB exceeds 70% of 7.45 GiB free GPU memory),0,0,nan,nan,nan
appendix test shape,#6 B10000 D128 H4 S128 L4,"B=10000,S=128,D=128,H=4,FFN=128,L=4,causal=True",10001,SKIP (estimated explicit-attention workspace 7.32 GiB exceeds 70% of 7.45 GiB free GPU memory),0,0,nan,nan,nan
appendix test shape,#6 B10000 D128 H4 S128 L4,"B=10000,S=128,D=128,H=4,FFN=128,L=4,causal=True",10010,SKIP (estimated explicit-attention workspace 7.32 GiB exceeds 70% of 7.45 GiB free GPU memory),0,0,nan,nan,nan
appendix test shape,#6 B10000 D128 H4 S128 L4,"B=10000,S=128,D=128,H=4,FFN=128,L=4,causal=True",10011,SKIP (estimated explicit-attention workspace 7.32 GiB exceeds 70% of 7.45 GiB free GPU memory),0,0,nan,nan,nan
appendix test shape,#6 B10000 D128 H4 S128 L4,"B=10000,S=128,D=128,H=4,FFN=128,L=4,causal=True",10100,SKIP (estimated explicit-attention workspace 7.32 GiB exceeds 70% of 7.45 GiB free GPU memory),0,0,nan,nan,nan
appendix test shape,#6 B10000 D128 H4 S128 L4,"B=10000,S=128,D=128,H=4,FFN=128,L=4,causal=True",10101,SKIP (estimated explicit-attention workspace 7.32 GiB exceeds 70% of 7.45 GiB free GPU memory),0,0,nan,nan,nan
appendix test shape,#6 B10000 D128 H4 S128 L4,"B=10000,S=128,D=128,H=4,FFN=128,L=4,causal=True",10110,SKIP (estimated explicit-attention workspace 7.32 GiB exceeds 70% of 7.45 GiB free GPU memory),0,0,nan,nan,nan
appendix test shape,#6 B10000 D128 H4 S128 L4,"B=10000,S=128,D=128,H=4,FFN=128,L=4,causal=True",10111,SKIP (estimated explicit-attention workspace 7.32 GiB exceeds 70% of 7.45 GiB free GPU memory),0,0,nan,nan,nan
appendix test shape,#6 B10000 D128 H4 S128 L4,"B=10000,S=128,D=128,H=4,FFN=128,L=4,causal=True",11000,SKIP (estimated explicit-attention workspace 7.32 GiB exceeds 70% of 7.45 GiB free GPU memory),0,0,nan,nan,nan
appendix test shape,#6 B10000 D128 H4 S128 L4,"B=10000,S=128,D=128,H=4,FFN=128,L=4,causal=True",11001,SKIP (estimated explicit-attention workspace 7.32 GiB exceeds 70% of 7.45 GiB free GPU memory),0,0,nan,nan,nan
appendix test shape,#6 B10000 D128 H4 S128 L4,"B=10000,S=128,D=128,H=4,FFN=128,L=4,causal=True",11010,SKIP (estimated explicit-attention workspace 7.32 GiB exceeds 70% of 7.45 GiB free GPU memory),0,0,nan,nan,nan
appendix test shape,#6 B10000 D128 H4 S128 L4,"B=10000,S=128,D=128,H=4,FFN=128,L=4,causal=True",11011,SKIP (estimated explicit-attention workspace 7.32 GiB exceeds 70% of 7.45 GiB free GPU memory),0,0,nan,nan,nan
appendix test shape,#6 B10000 D128 H4 S128 L4,"B=10000,S=128,D=128,H=4,FFN=128,L=4,causal=True",11100,SKIP (estimated explicit-attention workspace 7.32 GiB exceeds 70% of 7.45 GiB free GPU memory),0,0,nan,nan,nan
appendix test shape,#6 B10000 D128 H4 S128 L4,"B=10000,S=128,D=128,H=4,FFN=128,L=4,causal=True",11101,SKIP (estimated explicit-attention workspace 7.32 GiB exceeds 70% of 7.45 GiB free GPU memory),0,0,nan,nan,nan
appendix test shape,#6 B10000 D128 H4 S128 L4,"B=10000,S=128,D=128,H=4,FFN=128,L=4,causal=True",11110,SKIP (estimated explicit-attention workspace 7.32 GiB exceeds 70% of 7.45 GiB free GPU memory),0,0,nan,nan,nan
appendix test shape,#6 B10000 D128 H4 S128 L4,"B=10000,S=128,D=128,H=4,FFN=128,L=4,causal=True",11111,SKIP (estimated explicit-attention workspace 7.32 GiB exceeds 70% of 7.45 GiB free GPU memory),0,0,nan,nan,nan
appendix test shape,#7 B64 D32 H4 S128 L4,"B=64,S=128,D=32,H=4,FFN=32,L=4,causal=True",00000,PASS,0,262144,3.7689,3.7663,1.001
appendix test shape,#7 B64 D32 H4 S128 L4,"B=64,S=128,D=32,H=4,FFN=32,L=4,causal=True",00001,PASS,0,262144,3.7540,3.8646,0.971
appendix test shape,#7 B64 D32 H4 S128 L4,"B=64,S=128,D=32,H=4,FFN=32,L=4,causal=True",00010,PASS,0,262144,3.7417,3.8564,0.970
appendix test shape,#7 B64 D32 H4 S128 L4,"B=64,S=128,D=32,H=4,FFN=32,L=4,causal=True",00011,PASS,0,262144,3.7381,3.8564,0.969
appendix test shape,#7 B64 D32 H4 S128 L4,"B=64,S=128,D=32,H=4,FFN=32,L=4,causal=True",00100,PASS,0,262144,3.8093,3.3372,1.141
appendix test shape,#7 B64 D32 H4 S128 L4,"B=64,S=128,D=32,H=4,FFN=32,L=4,causal=True",00101,PASS,0,262144,3.8043,3.3306,1.142
appendix test shape,#7 B64 D32 H4 S128 L4,"B=64,S=128,D=32,H=4,FFN=32,L=4,causal=True",00110,PASS,0,262144,3.7949,3.3224,1.142
appendix test shape,#7 B64 D32 H4 S128 L4,"B=64,S=128,D=32,H=4,FFN=32,L=4,causal=True",00111,PASS,0,262144,3.8073,3.2881,1.158
appendix test shape,#7 B64 D32 H4 S128 L4,"B=64,S=128,D=32,H=4,FFN=32,L=4,causal=True",01000,PASS,0,262144,3.7396,3.8447,0.973
appendix test shape,#7 B64 D32 H4 S128 L4,"B=64,S=128,D=32,H=4,FFN=32,L=4,causal=True",01001,PASS,0,262144,3.7366,3.8298,0.976
appendix test shape,#7 B64 D32 H4 S128 L4,"B=64,S=128,D=32,H=4,FFN=32,L=4,causal=True",01010,PASS,0,262144,3.7350,3.8508,0.970
appendix test shape,#7 B64 D32 H4 S128 L4,"B=64,S=128,D=32,H=4,FFN=32,L=4,causal=True",01011,PASS,0,262144,3.7356,3.8451,0.972
appendix test shape,#7 B64 D32 H4 S128 L4,"B=64,S=128,D=32,H=4,FFN=32,L=4,causal=True",01100,PASS,0,262144,3.8319,3.3459,1.145
appendix test shape,#7 B64 D32 H4 S128 L4,"B=64,S=128,D=32,H=4,FFN=32,L=4,causal=True",01101,PASS,0,262144,3.7643,3.4150,1.102
appendix test shape,#7 B64 D32 H4 S128 L4,"B=64,S=128,D=32,H=4,FFN=32,L=4,causal=True",01110,PASS,0,262144,3.8462,3.3132,1.161
appendix test shape,#7 B64 D32 H4 S128 L4,"B=64,S=128,D=32,H=4,FFN=32,L=4,causal=True",01111,PASS,0,262144,3.8298,3.2870,1.165
appendix test shape,#7 B64 D32 H4 S128 L4,"B=64,S=128,D=32,H=4,FFN=32,L=4,causal=True",10000,PASS,0,262144,3.7402,3.8477,0.972
appendix test shape,#7 B64 D32 H4 S128 L4,"B=64,S=128,D=32,H=4,FFN=32,L=4,causal=True",10001,PASS,0,262144,3.7550,3.8488,0.976
appendix test shape,#7 B64 D32 H4 S128 L4,"B=64,S=128,D=32,H=4,FFN=32,L=4,causal=True",10010,PASS,0,262144,3.7489,3.8565,0.972
appendix test shape,#7 B64 D32 H4 S128 L4,"B=64,S=128,D=32,H=4,FFN=32,L=4,causal=True",10011,PASS,0,262144,3.7504,3.8564,0.973
appendix test shape,#7 B64 D32 H4 S128 L4,"B=64,S=128,D=32,H=4,FFN=32,L=4,causal=True",10100,PASS,0,262144,3.8288,3.3306,1.150
appendix test shape,#7 B64 D32 H4 S128 L4,"B=64,S=128,D=32,H=4,FFN=32,L=4,causal=True",10101,PASS,0,262144,3.8365,3.3500,1.145
appendix test shape,#7 B64 D32 H4 S128 L4,"B=64,S=128,D=32,H=4,FFN=32,L=4,causal=True",10110,PASS,0,262144,3.8344,3.2897,1.166
appendix test shape,#7 B64 D32 H4 S128 L4,"B=64,S=128,D=32,H=4,FFN=32,L=4,causal=True",10111,PASS,0,262144,3.8339,3.3055,1.160
appendix test shape,#7 B64 D32 H4 S128 L4,"B=64,S=128,D=32,H=4,FFN=32,L=4,causal=True",11000,PASS,0,262144,3.7514,3.8533,0.974
appendix test shape,#7 B64 D32 H4 S128 L4,"B=64,S=128,D=32,H=4,FFN=32,L=4,causal=True",11001,PASS,0,262144,3.7565,3.8488,0.976
appendix test shape,#7 B64 D32 H4 S128 L4,"B=64,S=128,D=32,H=4,FFN=32,L=4,causal=True",11010,PASS,0,262144,3.7484,3.8548,0.972
appendix test shape,#7 B64 D32 H4 S128 L4,"B=64,S=128,D=32,H=4,FFN=32,L=4,causal=True",11011,PASS,0,262144,3.7601,3.8564,0.975
appendix test shape,#7 B64 D32 H4 S128 L4,"B=64,S=128,D=32,H=4,FFN=32,L=4,causal=True",11100,PASS,0,262144,3.8344,3.3490,1.145
appendix test shape,#7 B64 D32 H4 S128 L4,"B=64,S=128,D=32,H=4,FFN=32,L=4,causal=True",11101,PASS,0,262144,3.8349,3.3536,1.144
appendix test shape,#7 B64 D32 H4 S128 L4,"B=64,S=128,D=32,H=4,FFN=32,L=4,causal=True",11110,PASS,0,262144,3.8195,3.3101,1.154
appendix test shape,#7 B64 D32 H4 S128 L4,"B=64,S=128,D=32,H=4,FFN=32,L=4,causal=True",11111,PASS,0,262144,3.8329,3.3096,1.158
appendix test shape,#8 B64 D1024 H4 S128 L4,"B=64,S=128,D=1024,H=4,FFN=1024,L=4,causal=True",00000,PASS,0,8388608,111.9002,111.7153,1.002
appendix test shape,#8 B64 D1024 H4 S128 L4,"B=64,S=128,D=1024,H=4,FFN=1024,L=4,causal=True",00001,PASS,0,8388608,112.1300,115.1165,0.974
appendix test shape,#8 B64 D1024 H4 S128 L4,"B=64,S=128,D=1024,H=4,FFN=1024,L=4,causal=True",00010,PASS,0,8388608,112.2545,117.3094,0.957
appendix test shape,#8 B64 D1024 H4 S128 L4,"B=64,S=128,D=1024,H=4,FFN=1024,L=4,causal=True",00011,PASS,0,8388608,112.2499,117.3939,0.956
appendix test shape,#8 B64 D1024 H4 S128 L4,"B=64,S=128,D=1024,H=4,FFN=1024,L=4,causal=True",00100,PASS,0,8388608,112.8422,108.0530,1.044
appendix test shape,#8 B64 D1024 H4 S128 L4,"B=64,S=128,D=1024,H=4,FFN=1024,L=4,causal=True",00101,PASS,0,8388608,112.6318,108.1093,1.042
appendix test shape,#8 B64 D1024 H4 S128 L4,"B=64,S=128,D=1024,H=4,FFN=1024,L=4,causal=True",00110,PASS,0,8388608,112.9436,107.9261,1.046
appendix test shape,#8 B64 D1024 H4 S128 L4,"B=64,S=128,D=1024,H=4,FFN=1024,L=4,causal=True",00111,PASS,0,8388608,112.8648,108.1697,1.043
appendix test shape,#8 B64 D1024 H4 S128 L4,"B=64,S=128,D=1024,H=4,FFN=1024,L=4,causal=True",01000,PASS,0,8388608,113.1827,115.8205,0.977
appendix test shape,#8 B64 D1024 H4 S128 L4,"B=64,S=128,D=1024,H=4,FFN=1024,L=4,causal=True",01001,PASS,0,8388608,113.5995,115.8825,0.980
appendix test shape,#8 B64 D1024 H4 S128 L4,"B=64,S=128,D=1024,H=4,FFN=1024,L=4,causal=True",01010,PASS,0,8388608,114.8073,118.9130,0.965
appendix test shape,#8 B64 D1024 H4 S128 L4,"B=64,S=128,D=1024,H=4,FFN=1024,L=4,causal=True",01011,PASS,0,8388608,117.1922,120.4787,0.973
appendix test shape,#8 B64 D1024 H4 S128 L4,"B=64,S=128,D=1024,H=4,FFN=1024,L=4,causal=True",01100,PASS,0,8388608,116.8051,112.0829,1.042
appendix test shape,#8 B64 D1024 H4 S128 L4,"B=64,S=128,D=1024,H=4,FFN=1024,L=4,causal=True",01101,PASS,0,8388608,118.3406,114.0209,1.038
appendix test shape,#8 B64 D1024 H4 S128 L4,"B=64,S=128,D=1024,H=4,FFN=1024,L=4,causal=True",01110,PASS,0,8388608,117.0831,113.0491,1.036
appendix test shape,#8 B64 D1024 H4 S128 L4,"B=64,S=128,D=1024,H=4,FFN=1024,L=4,causal=True",01111,PASS,0,8388608,117.9500,113.3061,1.041
appendix test shape,#8 B64 D1024 H4 S128 L4,"B=64,S=128,D=1024,H=4,FFN=1024,L=4,causal=True",10000,PASS,0,8388608,119.1916,121.3215,0.982
appendix test shape,#8 B64 D1024 H4 S128 L4,"B=64,S=128,D=1024,H=4,FFN=1024,L=4,causal=True",10001,PASS,0,8388608,120.1203,122.3874,0.981
appendix test shape,#8 B64 D1024 H4 S128 L4,"B=64,S=128,D=1024,H=4,FFN=1024,L=4,causal=True",10010,PASS,0,8388608,119.1992,124.2706,0.959
appendix test shape,#8 B64 D1024 H4 S128 L4,"B=64,S=128,D=1024,H=4,FFN=1024,L=4,causal=True",10011,PASS,0,8388608,119.6416,124.0105,0.965
appendix test shape,#8 B64 D1024 H4 S128 L4,"B=64,S=128,D=1024,H=4,FFN=1024,L=4,causal=True",10100,PASS,0,8388608,119.1496,114.4325,1.041
appendix test shape,#8 B64 D1024 H4 S128 L4,"B=64,S=128,D=1024,H=4,FFN=1024,L=4,causal=True",10101,PASS,0,8388608,119.6344,115.2231,1.038
appendix test shape,#8 B64 D1024 H4 S128 L4,"B=64,S=128,D=1024,H=4,FFN=1024,L=4,causal=True",10110,PASS,0,8388608,118.9714,114.8493,1.036
appendix test shape,#8 B64 D1024 H4 S128 L4,"B=64,S=128,D=1024,H=4,FFN=1024,L=4,causal=True",10111,PASS,0,8388608,119.4481,114.8247,1.040
appendix test shape,#8 B64 D1024 H4 S128 L4,"B=64,S=128,D=1024,H=4,FFN=1024,L=4,causal=True",11000,PASS,0,8388608,118.7569,121.4823,0.978
appendix test shape,#8 B64 D1024 H4 S128 L4,"B=64,S=128,D=1024,H=4,FFN=1024,L=4,causal=True",11001,PASS,0,8388608,121.1715,122.6685,0.988
appendix test shape,#8 B64 D1024 H4 S128 L4,"B=64,S=128,D=1024,H=4,FFN=1024,L=4,causal=True",11010,PASS,0,8388608,120.7443,122.8708,0.983
appendix test shape,#8 B64 D1024 H4 S128 L4,"B=64,S=128,D=1024,H=4,FFN=1024,L=4,causal=True",11011,PASS,0,8388608,119.7245,128.3108,0.933
appendix test shape,#8 B64 D1024 H4 S128 L4,"B=64,S=128,D=1024,H=4,FFN=1024,L=4,causal=True",11100,PASS,0,8388608,119.3723,114.5606,1.042
appendix test shape,#8 B64 D1024 H4 S128 L4,"B=64,S=128,D=1024,H=4,FFN=1024,L=4,causal=True",11101,PASS,0,8388608,118.2730,113.9364,1.038
appendix test shape,#8 B64 D1024 H4 S128 L4,"B=64,S=128,D=1024,H=4,FFN=1024,L=4,causal=True",11110,PASS,0,8388608,119.0630,113.9886,1.045
appendix test shape,#8 B64 D1024 H4 S128 L4,"B=64,S=128,D=1024,H=4,FFN=1024,L=4,causal=True",11111,PASS,0,8388608,118.1226,113.2068,1.043
appendix test shape,#9 B64 D128 H1 S128 L4,"B=64,S=128,D=128,H=1,FFN=128,L=4,causal=True",00000,PASS,0,1048576,3.8897,3.8830,1.002
appendix test shape,#9 B64 D128 H1 S128 L4,"B=64,S=128,D=128,H=1,FFN=128,L=4,causal=True",00001,PASS,0,1048576,3.9854,4.1211,0.967
appendix test shape,#9 B64 D128 H1 S128 L4,"B=64,S=128,D=128,H=1,FFN=128,L=4,causal=True",00010,PASS,0,1048576,4.0003,4.2225,0.947
appendix test shape,#9 B64 D128 H1 S128 L4,"B=64,S=128,D=128,H=1,FFN=128,L=4,causal=True",00011,PASS,0,1048576,3.9951,4.1933,0.953
appendix test shape,#9 B64 D128 H1 S128 L4,"B=64,S=128,D=128,H=1,FFN=128,L=4,causal=True",00100,PASS,0,1048576,4.0934,3.3992,1.204
appendix test shape,#9 B64 D128 H1 S128 L4,"B=64,S=128,D=128,H=1,FFN=128,L=4,causal=True",00101,PASS,0,1048576,3.7550,5.5183,0.680
appendix test shape,#9 B64 D128 H1 S128 L4,"B=64,S=128,D=128,H=1,FFN=128,L=4,causal=True",00110,PASS,0,1048576,4.1057,3.3736,1.217
appendix test shape,#9 B64 D128 H1 S128 L4,"B=64,S=128,D=128,H=1,FFN=128,L=4,causal=True",00111,PASS,0,1048576,4.0586,3.3597,1.208
appendix test shape,#9 B64 D128 H1 S128 L4,"B=64,S=128,D=128,H=1,FFN=128,L=4,causal=True",01000,PASS,0,1048576,3.9665,4.0069,0.990
appendix test shape,#9 B64 D128 H1 S128 L4,"B=64,S=128,D=128,H=1,FFN=128,L=4,causal=True",01001,PASS,0,1048576,3.9624,4.0269,0.984
appendix test shape,#9 B64 D128 H1 S128 L4,"B=64,S=128,D=128,H=1,FFN=128,L=4,causal=True",01010,PASS,0,1048576,3.9404,4.0771,0.966
appendix test shape,#9 B64 D128 H1 S128 L4,"B=64,S=128,D=128,H=1,FFN=128,L=4,causal=True",01011,PASS,0,1048576,3.9660,4.0940,0.969
appendix test shape,#9 B64 D128 H1 S128 L4,"B=64,S=128,D=128,H=1,FFN=128,L=4,causal=True",01100,PASS,0,1048576,4.0637,3.3398,1.217
appendix test shape,#9 B64 D128 H1 S128 L4,"B=64,S=128,D=128,H=1,FFN=128,L=4,causal=True",01101,PASS,0,1048576,3.7995,3.3981,1.118
appendix test shape,#9 B64 D128 H1 S128 L4,"B=64,S=128,D=128,H=1,FFN=128,L=4,causal=True",01110,PASS,0,1048576,4.0724,3.3132,1.229
appendix test shape,#9 B64 D128 H1 S128 L4,"B=64,S=128,D=128,H=1,FFN=128,L=4,causal=True",01111,PASS,0,1048576,3.8927,3.6004,1.081
appendix test shape,#9 B64 D128 H1 S128 L4,"B=64,S=128,D=128,H=1,FFN=128,L=4,causal=True",10000,PASS,0,1048576,4.0002,4.1298,0.969
appendix test shape,#9 B64 D128 H1 S128 L4,"B=64,S=128,D=128,H=1,FFN=128,L=4,causal=True",10001,PASS,0,1048576,3.9916,4.1149,0.970
appendix test shape,#9 B64 D128 H1 S128 L4,"B=64,S=128,D=128,H=1,FFN=128,L=4,causal=True",10010,PASS,0,1048576,3.9905,4.2112,0.948
appendix test shape,#9 B64 D128 H1 S128 L4,"B=64,S=128,D=128,H=1,FFN=128,L=4,causal=True",10011,PASS,0,1048576,4.0238,4.2399,0.949
appendix test shape,#9 B64 D128 H1 S128 L4,"B=64,S=128,D=128,H=1,FFN=128,L=4,causal=True",10100,PASS,0,1048576,4.0520,3.3367,1.214
appendix test shape,#9 B64 D128 H1 S128 L4,"B=64,S=128,D=128,H=1,FFN=128,L=4,causal=True",10101,PASS,0,1048576,4.0417,3.3423,1.209
appendix test shape,#9 B64 D128 H1 S128 L4,"B=64,S=128,D=128,H=1,FFN=128,L=4,causal=True",10110,PASS,0,1048576,3.9839,3.3367,1.194
appendix test shape,#9 B64 D128 H1 S128 L4,"B=64,S=128,D=128,H=1,FFN=128,L=4,causal=True",10111,PASS,0,1048576,3.8661,3.4929,1.107
appendix test shape,#9 B64 D128 H1 S128 L4,"B=64,S=128,D=128,H=1,FFN=128,L=4,causal=True",11000,PASS,0,1048576,3.9880,4.0433,0.986
appendix test shape,#9 B64 D128 H1 S128 L4,"B=64,S=128,D=128,H=1,FFN=128,L=4,causal=True",11001,PASS,0,1048576,3.9670,4.1897,0.947
appendix test shape,#9 B64 D128 H1 S128 L4,"B=64,S=128,D=128,H=1,FFN=128,L=4,causal=True",11010,PASS,0,1048576,4.0346,4.2358,0.952
appendix test shape,#9 B64 D128 H1 S128 L4,"B=64,S=128,D=128,H=1,FFN=128,L=4,causal=True",11011,PASS,0,1048576,4.0279,4.1989,0.959
appendix test shape,#9 B64 D128 H1 S128 L4,"B=64,S=128,D=128,H=1,FFN=128,L=4,causal=True",11100,PASS,0,1048576,4.1907,3.4043,1.231
appendix test shape,#9 B64 D128 H1 S128 L4,"B=64,S=128,D=128,H=1,FFN=128,L=4,causal=True",11101,PASS,0,1048576,4.1452,3.4043,1.218
appendix test shape,#9 B64 D128 H1 S128 L4,"B=64,S=128,D=128,H=1,FFN=128,L=4,causal=True",11110,PASS,0,1048576,4.1441,3.3633,1.232
appendix test shape,#9 B64 D128 H1 S128 L4,"B=64,S=128,D=128,H=1,FFN=128,L=4,causal=True",11111,PASS,0,1048576,4.1754,3.3777,1.236
appendix test shape,#10 B64 D128 H2 S128 L4,"B=64,S=128,D=128,H=2,FFN=128,L=4,causal=True",00000,PASS,0,1048576,5.1124,5.0785,1.007
appendix test shape,#10 B64 D128 H2 S128 L4,"B=64,S=128,D=128,H=2,FFN=128,L=4,causal=True",00001,PASS,0,1048576,5.0637,5.1569,0.982
appendix test shape,#10 B64 D128 H2 S128 L4,"B=64,S=128,D=128,H=2,FFN=128,L=4,causal=True",00010,PASS,0,1048576,5.0483,5.2091,0.969
appendix test shape,#10 B64 D128 H2 S128 L4,"B=64,S=128,D=128,H=2,FFN=128,L=4,causal=True",00011,PASS,0,1048576,5.2629,5.2844,0.996
appendix test shape,#10 B64 D128 H2 S128 L4,"B=64,S=128,D=128,H=2,FFN=128,L=4,causal=True",00100,PASS,0,1048576,5.2639,4.4329,1.187
appendix test shape,#10 B64 D128 H2 S128 L4,"B=64,S=128,D=128,H=2,FFN=128,L=4,causal=True",00101,PASS,0,1048576,5.1154,4.4191,1.158
appendix test shape,#10 B64 D128 H2 S128 L4,"B=64,S=128,D=128,H=2,FFN=128,L=4,causal=True",00110,PASS,0,1048576,5.1937,4.3377,1.197
appendix test shape,#10 B64 D128 H2 S128 L4,"B=64,S=128,D=128,H=2,FFN=128,L=4,causal=True",00111,PASS,0,1048576,5.2163,4.3858,1.189
appendix test shape,#10 B64 D128 H2 S128 L4,"B=64,S=128,D=128,H=2,FFN=128,L=4,causal=True",01000,PASS,0,1048576,5.0499,5.1512,0.980
appendix test shape,#10 B64 D128 H2 S128 L4,"B=64,S=128,D=128,H=2,FFN=128,L=4,causal=True",01001,PASS,0,1048576,5.0448,5.1774,0.974
appendix test shape,#10 B64 D128 H2 S128 L4,"B=64,S=128,D=128,H=2,FFN=128,L=4,causal=True",01010,PASS,0,1048576,5.0473,5.1912,0.972
appendix test shape,#10 B64 D128 H2 S128 L4,"B=64,S=128,D=128,H=2,FFN=128,L=4,causal=True",01011,PASS,0,1048576,5.0058,5.1476,0.972
appendix test shape,#10 B64 D128 H2 S128 L4,"B=64,S=128,D=128,H=2,FFN=128,L=4,causal=True",01100,PASS,0,1048576,5.1502,4.4776,1.150
appendix test shape,#10 B64 D128 H2 S128 L4,"B=64,S=128,D=128,H=2,FFN=128,L=4,causal=True",01101,PASS,0,1048576,5.2050,4.4365,1.173
appendix test shape,#10 B64 D128 H2 S128 L4,"B=64,S=128,D=128,H=2,FFN=128,L=4,causal=True",01110,PASS,0,1048576,5.2767,4.4508,1.186
appendix test shape,#10 B64 D128 H2 S128 L4,"B=64,S=128,D=128,H=2,FFN=128,L=4,causal=True",01111,PASS,0,1048576,4.9890,5.2474,0.951
appendix test shape,#10 B64 D128 H2 S128 L4,"B=64,S=128,D=128,H=2,FFN=128,L=4,causal=True",10000,PASS,0,1048576,5.0586,5.1446,0.983
appendix test shape,#10 B64 D128 H2 S128 L4,"B=64,S=128,D=128,H=2,FFN=128,L=4,causal=True",10001,PASS,0,1048576,5.0514,5.1517,0.981
appendix test shape,#10 B64 D128 H2 S128 L4,"B=64,S=128,D=128,H=2,FFN=128,L=4,causal=True",10010,PASS,0,1048576,5.0432,5.1968,0.970
appendix test shape,#10 B64 D128 H2 S128 L4,"B=64,S=128,D=128,H=2,FFN=128,L=4,causal=True",10011,PASS,0,1048576,5.0324,5.1943,0.969
appendix test shape,#10 B64 D128 H2 S128 L4,"B=64,S=128,D=128,H=2,FFN=128,L=4,causal=True",10100,PASS,0,1048576,5.1462,4.4288,1.162
appendix test shape,#10 B64 D128 H2 S128 L4,"B=64,S=128,D=128,H=2,FFN=128,L=4,causal=True",10101,PASS,0,1048576,5.0770,4.5210,1.123
appendix test shape,#10 B64 D128 H2 S128 L4,"B=64,S=128,D=128,H=2,FFN=128,L=4,causal=True",10110,PASS,0,1048576,5.1282,4.4452,1.154
appendix test shape,#10 B64 D128 H2 S128 L4,"B=64,S=128,D=128,H=2,FFN=128,L=4,causal=True",10111,PASS,0,1048576,5.2449,4.3904,1.195
appendix test shape,#10 B64 D128 H2 S128 L4,"B=64,S=128,D=128,H=2,FFN=128,L=4,causal=True",11000,PASS,0,1048576,5.0673,5.1589,0.982
appendix test shape,#10 B64 D128 H2 S128 L4,"B=64,S=128,D=128,H=2,FFN=128,L=4,causal=True",11001,PASS,0,1048576,5.0442,5.1282,0.984
appendix test shape,#10 B64 D128 H2 S128 L4,"B=64,S=128,D=128,H=2,FFN=128,L=4,causal=True",11010,PASS,0,1048576,5.0529,5.2060,0.971
appendix test shape,#10 B64 D128 H2 S128 L4,"B=64,S=128,D=128,H=2,FFN=128,L=4,causal=True",11011,PASS,0,1048576,5.0479,5.2029,0.970
appendix test shape,#10 B64 D128 H2 S128 L4,"B=64,S=128,D=128,H=2,FFN=128,L=4,causal=True",11100,PASS,0,1048576,5.2603,4.4416,1.184
appendix test shape,#10 B64 D128 H2 S128 L4,"B=64,S=128,D=128,H=2,FFN=128,L=4,causal=True",11101,PASS,0,1048576,5.1942,4.4211,1.175
appendix test shape,#10 B64 D128 H2 S128 L4,"B=64,S=128,D=128,H=2,FFN=128,L=4,causal=True",11110,PASS,0,1048576,5.2014,4.4897,1.159
appendix test shape,#10 B64 D128 H2 S128 L4,"B=64,S=128,D=128,H=2,FFN=128,L=4,causal=True",11111,PASS,0,1048576,5.2439,4.3950,1.193
appendix test shape,#11 B64 D128 H16 S128 L4,"B=64,S=128,D=128,H=16,FFN=128,L=4,causal=True",00000,PASS,0,1048576,23.3764,23.3237,1.002
appendix test shape,#11 B64 D128 H16 S128 L4,"B=64,S=128,D=128,H=16,FFN=128,L=4,causal=True",00001,PASS,0,1048576,23.3779,23.4854,0.995
appendix test shape,#11 B64 D128 H16 S128 L4,"B=64,S=128,D=128,H=16,FFN=128,L=4,causal=True",00010,PASS,0,1048576,23.3098,23.5187,0.991
appendix test shape,#11 B64 D128 H16 S128 L4,"B=64,S=128,D=128,H=16,FFN=128,L=4,causal=True",00011,PASS,0,1048576,23.3825,23.5459,0.993
appendix test shape,#11 B64 D128 H16 S128 L4,"B=64,S=128,D=128,H=16,FFN=128,L=4,causal=True",00100,PASS,0,1048576,23.2566,22.8004,1.020
appendix test shape,#11 B64 D128 H16 S128 L4,"B=64,S=128,D=128,H=16,FFN=128,L=4,causal=True",00101,PASS,0,1048576,23.3165,22.8393,1.021
appendix test shape,#11 B64 D128 H16 S128 L4,"B=64,S=128,D=128,H=16,FFN=128,L=4,causal=True",00110,PASS,0,1048576,23.3984,22.8163,1.026
appendix test shape,#11 B64 D128 H16 S128 L4,"B=64,S=128,D=128,H=16,FFN=128,L=4,causal=True",00111,PASS,0,1048576,23.4066,22.8622,1.024
appendix test shape,#11 B64 D128 H16 S128 L4,"B=64,S=128,D=128,H=16,FFN=128,L=4,causal=True",01000,PASS,0,1048576,23.3708,23.4968,0.995
appendix test shape,#11 B64 D128 H16 S128 L4,"B=64,S=128,D=128,H=16,FFN=128,L=4,causal=True",01001,PASS,0,1048576,23.4133,23.5510,0.994
appendix test shape,#11 B64 D128 H16 S128 L4,"B=64,S=128,D=128,H=16,FFN=128,L=4,causal=True",01010,PASS,0,1048576,23.4024,23.6580,0.989
appendix test shape,#11 B64 D128 H16 S128 L4,"B=64,S=128,D=128,H=16,FFN=128,L=4,causal=True",01011,PASS,0,1048576,23.4040,23.5750,0.993
appendix test shape,#11 B64 D128 H16 S128 L4,"B=64,S=128,D=128,H=16,FFN=128,L=4,causal=True",01100,PASS,0,1048576,23.3878,22.8746,1.022
appendix test shape,#11 B64 D128 H16 S128 L4,"B=64,S=128,D=128,H=16,FFN=128,L=4,causal=True",01101,PASS,0,1048576,23.4076,23.0031,1.018
appendix test shape,#11 B64 D128 H16 S128 L4,"B=64,S=128,D=128,H=16,FFN=128,L=4,causal=True",01110,PASS,0,1048576,23.3022,22.7871,1.023
appendix test shape,#11 B64 D128 H16 S128 L4,"B=64,S=128,D=128,H=16,FFN=128,L=4,causal=True",01111,PASS,0,1048576,23.4184,22.8434,1.025
appendix test shape,#11 B64 D128 H16 S128 L4,"B=64,S=128,D=128,H=16,FFN=128,L=4,causal=True",10000,PASS,0,1048576,23.4102,23.5295,0.995
appendix test shape,#11 B64 D128 H16 S128 L4,"B=64,S=128,D=128,H=16,FFN=128,L=4,causal=True",10001,PASS,0,1048576,23.4266,23.5505,0.995
appendix test shape,#11 B64 D128 H16 S128 L4,"B=64,S=128,D=128,H=16,FFN=128,L=4,causal=True",10010,PASS,0,1048576,23.4470,23.5782,0.994
appendix test shape,#11 B64 D128 H16 S128 L4,"B=64,S=128,D=128,H=16,FFN=128,L=4,causal=True",10011,PASS,0,1048576,23.4267,23.6047,0.992
appendix test shape,#11 B64 D128 H16 S128 L4,"B=64,S=128,D=128,H=16,FFN=128,L=4,causal=True",10100,PASS,0,1048576,23.3385,22.8306,1.022
appendix test shape,#11 B64 D128 H16 S128 L4,"B=64,S=128,D=128,H=16,FFN=128,L=4,causal=True",10101,PASS,0,1048576,23.3426,22.8244,1.023
appendix test shape,#11 B64 D128 H16 S128 L4,"B=64,S=128,D=128,H=16,FFN=128,L=4,causal=True",10110,PASS,0,1048576,23.4132,22.8603,1.024
appendix test shape,#11 B64 D128 H16 S128 L4,"B=64,S=128,D=128,H=16,FFN=128,L=4,causal=True",10111,PASS,0,1048576,23.4368,22.8148,1.027
appendix test shape,#11 B64 D128 H16 S128 L4,"B=64,S=128,D=128,H=16,FFN=128,L=4,causal=True",11000,PASS,0,1048576,23.4240,23.5336,0.995
appendix test shape,#11 B64 D128 H16 S128 L4,"B=64,S=128,D=128,H=16,FFN=128,L=4,causal=True",11001,PASS,0,1048576,23.4245,23.5581,0.994
appendix test shape,#11 B64 D128 H16 S128 L4,"B=64,S=128,D=128,H=16,FFN=128,L=4,causal=True",11010,PASS,0,1048576,23.4342,23.5991,0.993
appendix test shape,#11 B64 D128 H16 S128 L4,"B=64,S=128,D=128,H=16,FFN=128,L=4,causal=True",11011,PASS,0,1048576,23.4353,23.5889,0.993
appendix test shape,#11 B64 D128 H16 S128 L4,"B=64,S=128,D=128,H=16,FFN=128,L=4,causal=True",11100,PASS,0,1048576,23.4307,22.8818,1.024
appendix test shape,#11 B64 D128 H16 S128 L4,"B=64,S=128,D=128,H=16,FFN=128,L=4,causal=True",11101,PASS,0,1048576,23.4568,22.9023,1.024
appendix test shape,#11 B64 D128 H16 S128 L4,"B=64,S=128,D=128,H=16,FFN=128,L=4,causal=True",11110,PASS,0,1048576,23.4542,22.8613,1.026
appendix test shape,#11 B64 D128 H16 S128 L4,"B=64,S=128,D=128,H=16,FFN=128,L=4,causal=True",11111,PASS,0,1048576,23.4296,22.8761,1.024
appendix test shape,#12 B64 D128 H4 S32 L4,"B=64,S=32,D=128,H=4,FFN=128,L=4,causal=True",00000,PASS,0,262144,1.8495,1.8049,1.025
appendix test shape,#12 B64 D128 H4 S32 L4,"B=64,S=32,D=128,H=4,FFN=128,L=4,causal=True",00001,PASS,0,262144,1.6344,1.7926,0.912
appendix test shape,#12 B64 D128 H4 S32 L4,"B=64,S=32,D=128,H=4,FFN=128,L=4,causal=True",00010,PASS,0,262144,2.4856,2.6348,0.943
appendix test shape,#12 B64 D128 H4 S32 L4,"B=64,S=32,D=128,H=4,FFN=128,L=4,causal=True",00011,PASS,0,262144,1.5196,1.5780,0.963
appendix test shape,#12 B64 D128 H4 S32 L4,"B=64,S=32,D=128,H=4,FFN=128,L=4,causal=True",00100,PASS,0,262144,1.6026,3.3261,0.482
appendix test shape,#12 B64 D128 H4 S32 L4,"B=64,S=32,D=128,H=4,FFN=128,L=4,causal=True",00101,PASS,0,262144,1.7566,3.4305,0.512
appendix test shape,#12 B64 D128 H4 S32 L4,"B=64,S=32,D=128,H=4,FFN=128,L=4,causal=True",00110,PASS,0,262144,1.5103,3.1063,0.486
appendix test shape,#12 B64 D128 H4 S32 L4,"B=64,S=32,D=128,H=4,FFN=128,L=4,causal=True",00111,PASS,0,262144,1.5750,3.1031,0.508
appendix test shape,#12 B64 D128 H4 S32 L4,"B=64,S=32,D=128,H=4,FFN=128,L=4,causal=True",01000,PASS,0,262144,1.5334,1.5508,0.989
appendix test shape,#12 B64 D128 H4 S32 L4,"B=64,S=32,D=128,H=4,FFN=128,L=4,causal=True",01001,PASS,0,262144,1.7556,1.8386,0.955
appendix test shape,#12 B64 D128 H4 S32 L4,"B=64,S=32,D=128,H=4,FFN=128,L=4,causal=True",01010,PASS,0,262144,1.9559,2.2191,0.881
appendix test shape,#12 B64 D128 H4 S32 L4,"B=64,S=32,D=128,H=4,FFN=128,L=4,causal=True",01011,PASS,0,262144,1.5027,1.5566,0.965
appendix test shape,#12 B64 D128 H4 S32 L4,"B=64,S=32,D=128,H=4,FFN=128,L=4,causal=True",01100,PASS,0,262144,1.6927,3.3940,0.499
appendix test shape,#12 B64 D128 H4 S32 L4,"B=64,S=32,D=128,H=4,FFN=128,L=4,causal=True",01101,PASS,0,262144,1.4372,2.5964,0.554
appendix test shape,#12 B64 D128 H4 S32 L4,"B=64,S=32,D=128,H=4,FFN=128,L=4,causal=True",01110,PASS,0,262144,1.7606,3.6818,0.478
appendix test shape,#12 B64 D128 H4 S32 L4,"B=64,S=32,D=128,H=4,FFN=128,L=4,causal=True",01111,PASS,0,262144,1.4528,3.0889,0.470
appendix test shape,#12 B64 D128 H4 S32 L4,"B=64,S=32,D=128,H=4,FFN=128,L=4,causal=True",10000,PASS,0,262144,1.5145,1.5595,0.971
appendix test shape,#12 B64 D128 H4 S32 L4,"B=64,S=32,D=128,H=4,FFN=128,L=4,causal=True",10001,PASS,0,262144,1.5191,1.5611,0.973
appendix test shape,#12 B64 D128 H4 S32 L4,"B=64,S=32,D=128,H=4,FFN=128,L=4,causal=True",10010,PASS,0,262144,1.6405,1.7019,0.964
appendix test shape,#12 B64 D128 H4 S32 L4,"B=64,S=32,D=128,H=4,FFN=128,L=4,causal=True",10011,PASS,0,262144,1.6725,1.8100,0.924
appendix test shape,#12 B64 D128 H4 S32 L4,"B=64,S=32,D=128,H=4,FFN=128,L=4,causal=True",10100,PASS,0,262144,1.4491,2.7825,0.521
appendix test shape,#12 B64 D128 H4 S32 L4,"B=64,S=32,D=128,H=4,FFN=128,L=4,causal=True",10101,PASS,0,262144,1.3865,2.5098,0.552
appendix test shape,#12 B64 D128 H4 S32 L4,"B=64,S=32,D=128,H=4,FFN=128,L=4,causal=True",10110,PASS,0,262144,1.9671,4.0264,0.489
appendix test shape,#12 B64 D128 H4 S32 L4,"B=64,S=32,D=128,H=4,FFN=128,L=4,causal=True",10111,PASS,0,262144,1.4669,3.1302,0.469
appendix test shape,#12 B64 D128 H4 S32 L4,"B=64,S=32,D=128,H=4,FFN=128,L=4,causal=True",11000,PASS,0,262144,1.5043,1.5437,0.974
appendix test shape,#12 B64 D128 H4 S32 L4,"B=64,S=32,D=128,H=4,FFN=128,L=4,causal=True",11001,PASS,0,262144,1.5684,1.7194,0.912
appendix test shape,#12 B64 D128 H4 S32 L4,"B=64,S=32,D=128,H=4,FFN=128,L=4,causal=True",11010,PASS,0,262144,1.5155,1.5753,0.962
appendix test shape,#12 B64 D128 H4 S32 L4,"B=64,S=32,D=128,H=4,FFN=128,L=4,causal=True",11011,PASS,0,262144,1.5482,1.7229,0.899
appendix test shape,#12 B64 D128 H4 S32 L4,"B=64,S=32,D=128,H=4,FFN=128,L=4,causal=True",11100,PASS,0,262144,1.5759,3.1482,0.501
appendix test shape,#12 B64 D128 H4 S32 L4,"B=64,S=32,D=128,H=4,FFN=128,L=4,causal=True",11101,PASS,0,262144,1.3773,2.4433,0.564
appendix test shape,#12 B64 D128 H4 S32 L4,"B=64,S=32,D=128,H=4,FFN=128,L=4,causal=True",11110,PASS,0,262144,1.3773,2.6328,0.523
appendix test shape,#12 B64 D128 H4 S32 L4,"B=64,S=32,D=128,H=4,FFN=128,L=4,causal=True",11111,PASS,0,262144,1.4054,2.9066,0.484
appendix test shape,#13 B64 D128 H4 S1024 L4,"B=64,S=1024,D=128,H=4,FFN=128,L=4,causal=True",00000,PASS,0,8388608,354.4279,354.6702,0.999
appendix test shape,#13 B64 D128 H4 S1024 L4,"B=64,S=1024,D=128,H=4,FFN=128,L=4,causal=True",00001,PASS,0,8388608,354.3598,356.7498,0.993
appendix test shape,#13 B64 D128 H4 S1024 L4,"B=64,S=1024,D=128,H=4,FFN=128,L=4,causal=True",00010,PASS,0,8388608,354.3772,358.7425,0.988
appendix test shape,#13 B64 D128 H4 S1024 L4,"B=64,S=1024,D=128,H=4,FFN=128,L=4,causal=True",00011,PASS,0,8388608,354.9343,359.3017,0.988
appendix test shape,#13 B64 D128 H4 S1024 L4,"B=64,S=1024,D=128,H=4,FFN=128,L=4,causal=True",00100,PASS,0,8388608,355.5487,348.9290,1.019
appendix test shape,#13 B64 D128 H4 S1024 L4,"B=64,S=1024,D=128,H=4,FFN=128,L=4,causal=True",00101,PASS,0,8388608,356.0740,348.3505,1.022
appendix test shape,#13 B64 D128 H4 S1024 L4,"B=64,S=1024,D=128,H=4,FFN=128,L=4,causal=True",00110,PASS,0,8388608,355.8830,348.9618,1.020
appendix test shape,#13 B64 D128 H4 S1024 L4,"B=64,S=1024,D=128,H=4,FFN=128,L=4,causal=True",00111,PASS,0,8388608,355.3382,348.7375,1.019
appendix test shape,#13 B64 D128 H4 S1024 L4,"B=64,S=1024,D=128,H=4,FFN=128,L=4,causal=True",01000,PASS,0,8388608,355.5057,357.6883,0.994
appendix test shape,#13 B64 D128 H4 S1024 L4,"B=64,S=1024,D=128,H=4,FFN=128,L=4,causal=True",01001,PASS,0,8388608,355.2486,357.6361,0.993
appendix test shape,#13 B64 D128 H4 S1024 L4,"B=64,S=1024,D=128,H=4,FFN=128,L=4,causal=True",01010,PASS,0,8388608,355.6479,360.2565,0.987
appendix test shape,#13 B64 D128 H4 S1024 L4,"B=64,S=1024,D=128,H=4,FFN=128,L=4,causal=True",01011,PASS,0,8388608,355.6997,359.9611,0.988
appendix test shape,#13 B64 D128 H4 S1024 L4,"B=64,S=1024,D=128,H=4,FFN=128,L=4,causal=True",01100,PASS,0,8388608,356.1120,349.8132,1.018
appendix test shape,#13 B64 D128 H4 S1024 L4,"B=64,S=1024,D=128,H=4,FFN=128,L=4,causal=True",01101,PASS,0,8388608,355.4668,348.4022,1.020
appendix test shape,#13 B64 D128 H4 S1024 L4,"B=64,S=1024,D=128,H=4,FFN=128,L=4,causal=True",01110,PASS,0,8388608,355.6311,348.7329,1.020
appendix test shape,#13 B64 D128 H4 S1024 L4,"B=64,S=1024,D=128,H=4,FFN=128,L=4,causal=True",01111,PASS,0,8388608,355.5133,348.7954,1.019
appendix test shape,#13 B64 D128 H4 S1024 L4,"B=64,S=1024,D=128,H=4,FFN=128,L=4,causal=True",10000,PASS,0,8388608,355.3203,357.8722,0.993
appendix test shape,#13 B64 D128 H4 S1024 L4,"B=64,S=1024,D=128,H=4,FFN=128,L=4,causal=True",10001,PASS,0,8388608,355.3459,358.7108,0.991
appendix test shape,#13 B64 D128 H4 S1024 L4,"B=64,S=1024,D=128,H=4,FFN=128,L=4,causal=True",10010,PASS,0,8388608,356.0300,360.2913,0.988
appendix test shape,#13 B64 D128 H4 S1024 L4,"B=64,S=1024,D=128,H=4,FFN=128,L=4,causal=True",10011,PASS,0,8388608,355.4678,361.4730,0.983
appendix test shape,#13 B64 D128 H4 S1024 L4,"B=64,S=1024,D=128,H=4,FFN=128,L=4,causal=True",10100,PASS,0,8388608,356.5501,349.5866,1.020
appendix test shape,#13 B64 D128 H4 S1024 L4,"B=64,S=1024,D=128,H=4,FFN=128,L=4,causal=True",10101,PASS,0,8388608,355.4807,348.3617,1.020
appendix test shape,#13 B64 D128 H4 S1024 L4,"B=64,S=1024,D=128,H=4,FFN=128,L=4,causal=True",10110,PASS,0,8388608,356.0766,348.8220,1.021
appendix test shape,#13 B64 D128 H4 S1024 L4,"B=64,S=1024,D=128,H=4,FFN=128,L=4,causal=True",10111,PASS,0,8388608,355.3900,348.6729,1.019
appendix test shape,#13 B64 D128 H4 S1024 L4,"B=64,S=1024,D=128,H=4,FFN=128,L=4,causal=True",11000,PASS,0,8388608,356.3761,358.2776,0.995
appendix test shape,#13 B64 D128 H4 S1024 L4,"B=64,S=1024,D=128,H=4,FFN=128,L=4,causal=True",11001,PASS,0,8388608,364.6515,359.5381,1.014
appendix test shape,#13 B64 D128 H4 S1024 L4,"B=64,S=1024,D=128,H=4,FFN=128,L=4,causal=True",11010,PASS,0,8388608,359.0400,361.5329,0.993
appendix test shape,#13 B64 D128 H4 S1024 L4,"B=64,S=1024,D=128,H=4,FFN=128,L=4,causal=True",11011,PASS,0,8388608,355.5339,360.2376,0.987
appendix test shape,#13 B64 D128 H4 S1024 L4,"B=64,S=1024,D=128,H=4,FFN=128,L=4,causal=True",11100,PASS,0,8388608,354.9845,349.0765,1.017
appendix test shape,#13 B64 D128 H4 S1024 L4,"B=64,S=1024,D=128,H=4,FFN=128,L=4,causal=True",11101,PASS,0,8388608,355.0433,348.5285,1.019
appendix test shape,#13 B64 D128 H4 S1024 L4,"B=64,S=1024,D=128,H=4,FFN=128,L=4,causal=True",11110,PASS,0,8388608,355.1406,348.3320,1.020
appendix test shape,#13 B64 D128 H4 S1024 L4,"B=64,S=1024,D=128,H=4,FFN=128,L=4,causal=True",11111,PASS,0,8388608,355.0085,348.3290,1.019
appendix test shape,#14 B32 D1024 H16 S100000 L2,"B=32,S=100000,D=1024,H=16,FFN=1024,L=2,causal=True",00000,SKIP (estimated explicit-attention workspace 38195.80 GiB exceeds 70% of 7.44 GiB free GPU memory),0,0,nan,nan,nan
appendix test shape,#14 B32 D1024 H16 S100000 L2,"B=32,S=100000,D=1024,H=16,FFN=1024,L=2,causal=True",00001,SKIP (estimated explicit-attention workspace 38195.80 GiB exceeds 70% of 7.44 GiB free GPU memory),0,0,nan,nan,nan
appendix test shape,#14 B32 D1024 H16 S100000 L2,"B=32,S=100000,D=1024,H=16,FFN=1024,L=2,causal=True",00010,SKIP (estimated explicit-attention workspace 38195.80 GiB exceeds 70% of 7.44 GiB free GPU memory),0,0,nan,nan,nan
appendix test shape,#14 B32 D1024 H16 S100000 L2,"B=32,S=100000,D=1024,H=16,FFN=1024,L=2,causal=True",00011,SKIP (estimated explicit-attention workspace 38195.80 GiB exceeds 70% of 7.44 GiB free GPU memory),0,0,nan,nan,nan
appendix test shape,#14 B32 D1024 H16 S100000 L2,"B=32,S=100000,D=1024,H=16,FFN=1024,L=2,causal=True",00100,SKIP (estimated explicit-attention workspace 38195.80 GiB exceeds 70% of 7.44 GiB free GPU memory),0,0,nan,nan,nan
appendix test shape,#14 B32 D1024 H16 S100000 L2,"B=32,S=100000,D=1024,H=16,FFN=1024,L=2,causal=True",00101,SKIP (estimated explicit-attention workspace 38195.80 GiB exceeds 70% of 7.44 GiB free GPU memory),0,0,nan,nan,nan
appendix test shape,#14 B32 D1024 H16 S100000 L2,"B=32,S=100000,D=1024,H=16,FFN=1024,L=2,causal=True",00110,SKIP (estimated explicit-attention workspace 38195.80 GiB exceeds 70% of 7.44 GiB free GPU memory),0,0,nan,nan,nan
appendix test shape,#14 B32 D1024 H16 S100000 L2,"B=32,S=100000,D=1024,H=16,FFN=1024,L=2,causal=True",00111,SKIP (estimated explicit-attention workspace 38195.80 GiB exceeds 70% of 7.44 GiB free GPU memory),0,0,nan,nan,nan
appendix test shape,#14 B32 D1024 H16 S100000 L2,"B=32,S=100000,D=1024,H=16,FFN=1024,L=2,causal=True",01000,SKIP (estimated explicit-attention workspace 38195.80 GiB exceeds 70% of 7.44 GiB free GPU memory),0,0,nan,nan,nan
appendix test shape,#14 B32 D1024 H16 S100000 L2,"B=32,S=100000,D=1024,H=16,FFN=1024,L=2,causal=True",01001,SKIP (estimated explicit-attention workspace 38195.80 GiB exceeds 70% of 7.44 GiB free GPU memory),0,0,nan,nan,nan
appendix test shape,#14 B32 D1024 H16 S100000 L2,"B=32,S=100000,D=1024,H=16,FFN=1024,L=2,causal=True",01010,SKIP (estimated explicit-attention workspace 38195.80 GiB exceeds 70% of 7.44 GiB free GPU memory),0,0,nan,nan,nan
appendix test shape,#14 B32 D1024 H16 S100000 L2,"B=32,S=100000,D=1024,H=16,FFN=1024,L=2,causal=True",01011,SKIP (estimated explicit-attention workspace 38195.80 GiB exceeds 70% of 7.44 GiB free GPU memory),0,0,nan,nan,nan
appendix test shape,#14 B32 D1024 H16 S100000 L2,"B=32,S=100000,D=1024,H=16,FFN=1024,L=2,causal=True",01100,SKIP (estimated explicit-attention workspace 38195.80 GiB exceeds 70% of 7.44 GiB free GPU memory),0,0,nan,nan,nan
appendix test shape,#14 B32 D1024 H16 S100000 L2,"B=32,S=100000,D=1024,H=16,FFN=1024,L=2,causal=True",01101,SKIP (estimated explicit-attention workspace 38195.80 GiB exceeds 70% of 7.44 GiB free GPU memory),0,0,nan,nan,nan
appendix test shape,#14 B32 D1024 H16 S100000 L2,"B=32,S=100000,D=1024,H=16,FFN=1024,L=2,causal=True",01110,SKIP (estimated explicit-attention workspace 38195.80 GiB exceeds 70% of 7.44 GiB free GPU memory),0,0,nan,nan,nan
appendix test shape,#14 B32 D1024 H16 S100000 L2,"B=32,S=100000,D=1024,H=16,FFN=1024,L=2,causal=True",01111,SKIP (estimated explicit-attention workspace 38195.80 GiB exceeds 70% of 7.44 GiB free GPU memory),0,0,nan,nan,nan
appendix test shape,#14 B32 D1024 H16 S100000 L2,"B=32,S=100000,D=1024,H=16,FFN=1024,L=2,causal=True",10000,SKIP (estimated explicit-attention workspace 38195.80 GiB exceeds 70% of 7.44 GiB free GPU memory),0,0,nan,nan,nan
appendix test shape,#14 B32 D1024 H16 S100000 L2,"B=32,S=100000,D=1024,H=16,FFN=1024,L=2,causal=True",10001,SKIP (estimated explicit-attention workspace 38195.80 GiB exceeds 70% of 7.44 GiB free GPU memory),0,0,nan,nan,nan
appendix test shape,#14 B32 D1024 H16 S100000 L2,"B=32,S=100000,D=1024,H=16,FFN=1024,L=2,causal=True",10010,SKIP (estimated explicit-attention workspace 38195.80 GiB exceeds 70% of 7.44 GiB free GPU memory),0,0,nan,nan,nan
appendix test shape,#14 B32 D1024 H16 S100000 L2,"B=32,S=100000,D=1024,H=16,FFN=1024,L=2,causal=True",10011,SKIP (estimated explicit-attention workspace 38195.80 GiB exceeds 70% of 7.44 GiB free GPU memory),0,0,nan,nan,nan
appendix test shape,#14 B32 D1024 H16 S100000 L2,"B=32,S=100000,D=1024,H=16,FFN=1024,L=2,causal=True",10100,SKIP (estimated explicit-attention workspace 38195.80 GiB exceeds 70% of 7.44 GiB free GPU memory),0,0,nan,nan,nan
appendix test shape,#14 B32 D1024 H16 S100000 L2,"B=32,S=100000,D=1024,H=16,FFN=1024,L=2,causal=True",10101,SKIP (estimated explicit-attention workspace 38195.80 GiB exceeds 70% of 7.44 GiB free GPU memory),0,0,nan,nan,nan
appendix test shape,#14 B32 D1024 H16 S100000 L2,"B=32,S=100000,D=1024,H=16,FFN=1024,L=2,causal=True",10110,SKIP (estimated explicit-attention workspace 38195.80 GiB exceeds 70% of 7.44 GiB free GPU memory),0,0,nan,nan,nan
appendix test shape,#14 B32 D1024 H16 S100000 L2,"B=32,S=100000,D=1024,H=16,FFN=1024,L=2,causal=True",10111,SKIP (estimated explicit-attention workspace 38195.80 GiB exceeds 70% of 7.44 GiB free GPU memory),0,0,nan,nan,nan
appendix test shape,#14 B32 D1024 H16 S100000 L2,"B=32,S=100000,D=1024,H=16,FFN=1024,L=2,causal=True",11000,SKIP (estimated explicit-attention workspace 38195.80 GiB exceeds 70% of 7.44 GiB free GPU memory),0,0,nan,nan,nan
appendix test shape,#14 B32 D1024 H16 S100000 L2,"B=32,S=100000,D=1024,H=16,FFN=1024,L=2,causal=True",11001,SKIP (estimated explicit-attention workspace 38195.80 GiB exceeds 70% of 7.44 GiB free GPU memory),0,0,nan,nan,nan
appendix test shape,#14 B32 D1024 H16 S100000 L2,"B=32,S=100000,D=1024,H=16,FFN=1024,L=2,causal=True",11010,SKIP (estimated explicit-attention workspace 38195.80 GiB exceeds 70% of 7.44 GiB free GPU memory),0,0,nan,nan,nan
appendix test shape,#14 B32 D1024 H16 S100000 L2,"B=32,S=100000,D=1024,H=16,FFN=1024,L=2,causal=True",11011,SKIP (estimated explicit-attention workspace 38195.80 GiB exceeds 70% of 7.44 GiB free GPU memory),0,0,nan,nan,nan
appendix test shape,#14 B32 D1024 H16 S100000 L2,"B=32,S=100000,D=1024,H=16,FFN=1024,L=2,causal=True",11100,SKIP (estimated explicit-attention workspace 38195.80 GiB exceeds 70% of 7.44 GiB free GPU memory),0,0,nan,nan,nan
appendix test shape,#14 B32 D1024 H16 S100000 L2,"B=32,S=100000,D=1024,H=16,FFN=1024,L=2,causal=True",11101,SKIP (estimated explicit-attention workspace 38195.80 GiB exceeds 70% of 7.44 GiB free GPU memory),0,0,nan,nan,nan
appendix test shape,#14 B32 D1024 H16 S100000 L2,"B=32,S=100000,D=1024,H=16,FFN=1024,L=2,causal=True",11110,SKIP (estimated explicit-attention workspace 38195.80 GiB exceeds 70% of 7.44 GiB free GPU memory),0,0,nan,nan,nan
appendix test shape,#14 B32 D1024 H16 S100000 L2,"B=32,S=100000,D=1024,H=16,FFN=1024,L=2,causal=True",11111,SKIP (estimated explicit-attention workspace 38195.80 GiB exceeds 70% of 7.44 GiB free GPU memory),0,0,nan,nan,nan
